epoch,loss_discriminator,loss_generator,params_generator,rel_entropy
0,0.7303,0.556,"[2.61722901e+00 4.52893154e+00 3.71828165e-03 1.89661326e+00
 9.19095077e-01 5.77181832e-01 1.16730815e+00 2.17422056e+00
 2.48996432e+00]",13.9691
1,0.704,0.6373,"[2.61423425 4.53193006 0.00671757 1.89361675 0.91609631 0.57418458
 1.1643096  2.17721753 2.48696584]",14.0158
2,0.6887,0.7249,"[2.61518582 4.53094356 0.00572408 1.89458444 0.9170851  0.57515909
 1.1652965  2.17624469 2.48795207]",14.0003
3,0.6816,0.8163,"[2.61818096e+00 4.52794484e+00 2.72468944e-03 1.89758130e+00
 9.20084045e-01 5.78156627e-01 1.16829527e+00 2.17324731e+00
 2.49095076e+00]",13.9538
4,0.6775,0.8944,"[ 2.62117858e+00  4.52494546e+00 -2.75015485e-04  1.90057978e+00
  9.23083537e-01  5.81155440e-01  1.17129468e+00  2.17024858e+00
  2.49395013e+00]",13.9082
5,0.681,0.865,"[ 2.62417634e+00  4.52194604e+00 -3.27473675e-03  1.90357836e+00
  9.26083056e-01  5.84154330e-01  1.17429412e+00  2.16724977e+00
  2.49694953e+00]",13.8633
6,0.6825,0.8413,"[ 2.627174    4.51894665 -0.00627444  1.90657687  0.92908255  0.58715317
  1.17729353  2.16425104  2.4999489 ]",13.8193
7,0.6801,0.8608,"[ 2.63017173  4.51594725 -0.00927415  1.90957544  0.93208205  0.59015204
  1.18029295  2.16125228  2.50294828]",13.7762
8,0.6807,0.868,"[ 2.63316937  4.51294788 -0.01227385  1.91257395  0.93508153  0.59315088
  1.18329235  2.15825358  2.50594763]",13.734
9,0.682,0.8475,"[ 2.63616698  4.50994852 -0.01527354  1.91557245  0.938081    0.5961497
  1.18629174  2.15525492  2.50894696]",13.6926
10,0.683,0.854,"[ 2.6391648   4.5069491  -0.01827326  1.91857108  0.94108051  0.59914863
  1.18929118  2.15225615  2.51194635]",13.6521
11,0.6833,0.8412,"[ 2.64216238  4.50394975 -0.02127294  1.92156957  0.94407997  0.60214744
  1.19229055  2.14925752  2.51494566]",13.6126
12,0.6858,0.8384,"[ 2.64516008  4.50095038 -0.02427264  1.92456814  0.94707944  0.60514631
  1.19528995  2.14625884  2.517945  ]",13.5739
13,0.6822,0.855,"[ 2.64815769  4.49795103 -0.02727232  1.92756665  0.9500789   0.60814514
  1.19828933  2.14326022  2.52094431]",13.5362
14,0.6857,0.8196,"[ 2.65115528  4.49495169 -0.030272    1.93056516  0.95307834  0.61114397
  1.20128869  2.14026162  2.52394361]",13.4995
15,0.6846,0.8392,"[ 2.65415267  4.49195241 -0.03327165  1.93356354  0.95607774  0.6141427
  1.204288    2.13726316  2.52694284]",13.4638
16,0.6857,0.8166,"[ 2.65714995  4.48895317 -0.03627129  1.93656187  0.9590771   0.61714138
  1.20728728  2.13426476  2.52994204]",13.429
17,0.6863,0.8029,"[ 2.66014717  4.48595394 -0.03927091  1.93956015  0.96207645  0.62014003
  1.21028653  2.13126643  2.5329412 ]",13.3952
18,0.6867,0.8139,"[ 2.66314453  4.48295468 -0.04227055  1.94255854  0.96507583  0.62313876
  1.21328583  2.128268    2.53594041]",13.3624
19,0.6865,0.8136,"[ 2.66614182  4.47995543 -0.04527018  1.94555688  0.96807519  0.62613746
  1.2162851   2.12526963  2.53893959]",13.3307
20,0.6853,0.8285,"[ 2.66913917  4.47695618 -0.04826982  1.94855527  0.97107456  0.62913619
  1.21928439  2.12227123  2.54193878]",13.2999
21,0.6877,0.8018,"[ 2.67213628  4.47395699 -0.05126943  1.95155352  0.97407387  0.63213481
  1.22228361  2.11927299  2.54493789]",13.2702
22,0.686,0.8178,"[ 2.67513341  4.4709578  -0.05426903  1.95455178  0.97707318  0.63513345
  1.22528283  2.11627475  2.547937  ]",13.2416
23,0.6882,0.7927,"[ 2.67813036  4.46795866 -0.05726862  1.95754994  0.98007244  0.638132
  1.228282    2.11327662  2.55093605]",13.214
24,0.6874,0.8112,"[ 2.68112704  4.4649596  -0.06026816  1.96054795  0.98307164  0.64113044
  1.2312811   2.11027867  2.55393501]",13.1874
25,0.6859,0.802,"[ 2.6841236   4.46196058 -0.06326769  1.96354589  0.98607081  0.64412882
  1.23428016  2.1072808   2.55693392]",13.1619
26,0.6891,0.7762,"[ 2.68712009  4.45896158 -0.0662672   1.96654379  0.98906995  0.64712718
  1.23727921  2.10428298  2.55993281]",13.1375
27,0.6859,0.8067,"[ 2.69011641  4.45596262 -0.0692667   1.96954161  0.99206905  0.65012547
  1.2402782   2.10128528  2.56293164]",13.1142
28,0.6869,0.7958,"[ 2.69311282  4.45296364 -0.07226621  1.97253949  0.99506818  0.65312381
  1.24327722  2.09828752  2.56593049]",13.092
29,0.6904,0.7711,"[ 2.69610914  4.44996469 -0.0752657   1.97553732  0.99806727  0.65612212
  1.24627622  2.09528982  2.5689293 ]",13.0708
30,0.6895,0.7821,"[ 2.69910526  4.44696579 -0.07826517  1.97853504  1.00106632  0.65912034
  1.24927516  2.09229226  2.57192805]",13.0508
31,0.6897,0.7633,"[ 2.70210151  4.44396686 -0.08126466  1.98153285  1.0040654   0.66211864
  1.25227414  2.08929461  2.57492683]",13.0319
32,0.6909,0.7642,"[ 2.70509767  4.44096795 -0.08426414  1.98453062  1.00706446  0.6651169
  1.2552731   2.08629702  2.57792558]",13.0141
33,0.6908,0.748,"[ 2.70809309  4.43796924 -0.08726352  1.98752797  1.01006333  0.66811484
  1.25827185  2.0832999   2.58092409]",12.9974
34,0.69,0.7597,"[ 2.71108868  4.4349705  -0.09026292  1.99052542  1.01306224  0.67111287
  1.26127065  2.08030268  2.58392264]",12.9818
35,0.691,0.7492,"[ 2.71408355  4.43197195 -0.09326223  1.99352248  1.01606098  0.67411059
  1.26426926  2.07730591  2.58692094]",12.9673
36,0.6905,0.764,"[ 2.71707869  4.42897332 -0.09626158  1.99651971  1.01905978  0.67710845
  1.26726795  2.07430897  2.58991934]",12.954
37,0.6916,0.7419,"[ 2.72007306  4.42597491 -0.09926083  1.9995165   1.02205839  0.68010597
  1.27026642  2.07131252  2.59291747]",12.9417
38,0.6917,0.7415,"[ 2.72306777  4.4229764  -0.10226013  2.00251351  1.02505709  0.68310367
  1.273265    2.06831584  2.59591571]",12.9306
39,0.6905,0.7611,"[ 2.72606119  4.41997825 -0.10525926  2.0055098   1.02805546  0.68610082
  1.27626323  2.06531997  2.59891351]",12.9207
40,0.6912,0.7448,"[ 2.72905399  4.41698027 -0.10825831  2.00850576  1.03105368  0.68909773
  1.27926129  2.0623245   2.6019111 ]",12.9118
41,0.6922,0.7308,"[ 2.73204677  4.41398228 -0.11125737  2.01150173  1.0340519   0.69209465
  1.28225936  2.05932902  2.60490867]",12.9041
42,0.6923,0.7364,"[ 2.73503923  4.41098438 -0.1142564   2.01449755  1.03705005  0.69509146
  1.28525735  2.05633373  2.60790614]",12.8975
43,0.6923,0.7231,"[ 2.73802967  4.40798704 -0.11725517  2.01749228  1.0400477   0.69808744
  1.28825481  2.05333969  2.61090291]",12.892
44,0.6922,0.731,"[ 2.74101931  4.4049899  -0.12025385  2.02048658  1.04304515  0.70108312
  1.29125206  2.05034614  2.61389941]",12.8877
45,0.6916,0.7408,"[ 2.74401176  4.40199197 -0.1232529   2.02348247  1.04604331  0.70408002
  1.29425009  2.0473508   2.61689687]",12.8844
46,0.6927,0.7231,"[ 2.74699816  4.3989957  -0.12625119  2.02647508  1.04903998  0.70707444
  1.29724651  2.0443592   2.61989225]",12.8823
47,0.6925,0.7247,"[ 2.74998355  4.39599969 -0.12924938  2.02946719  1.05203642  0.71006851
  1.3002427   2.04136819  2.62288728]",12.8813
48,0.693,0.7104,"[ 2.75297016  4.39300331 -0.13224774  2.03246002  1.05503317  0.71306313
  1.30323923  2.03837638  2.62588274]",12.8814
49,0.6931,0.6975,"[ 2.75593558  4.39001274 -0.13524349  2.03544146  1.05802469  0.71604926
  1.3062302   2.03539756  2.62887085]",12.8825
50,0.6927,0.718,"[ 2.75891309  4.38701878 -0.13824078  2.03842953  1.06101925  0.71904037
  1.30922442  2.03241121  2.63186318]",12.8848
51,0.6931,0.7015,"[ 2.76188718  4.3840257  -0.1412377   2.04141588  1.06401301  0.72203025
  1.31221781  2.02942681  2.63485436]",12.8881
52,0.6929,0.7133,"[ 2.76483324  4.3810402  -0.14423126  2.04438737  1.06699988  0.72500912
  1.31520394  2.0264594   2.63783575]",12.8925
53,0.6933,0.6984,"[ 2.76779548  4.37805016 -0.14722686  2.04736772  1.06999085  0.72799464
  1.31819442  2.02348189  2.64082286]",12.898
54,0.6932,0.6906,"[ 2.76683895  4.37903847 -0.14623201  2.0463906   1.06900149  0.7270115
  1.31720561  2.02445575  2.63983804]",12.8961
55,0.693,0.7061,"[ 2.76787509  4.37802845 -0.14723644  2.04741001  1.07001063  0.72802588
  1.31821522  2.02343365  2.64085102]",12.8982
56,0.6932,0.6899,"[ 2.76704056  4.37898068 -0.14625783  2.04650116  1.06905421  0.72709403
  1.31726099  2.02433033  2.63991254]",12.8965
57,0.6931,0.7027,"[ 2.76805143  4.37797768 -0.14725915  2.04750698  1.07005696  0.72809833
  1.31826387  2.02332369  2.64091645]",12.8985
58,0.6932,0.6906,"[ 2.76712101  4.37895894 -0.14626741  2.04654366  1.06907403  0.72712537
  1.31728182  2.02428182  2.6399408 ]",12.8967
59,0.6931,0.7081,"[ 2.76809212  4.37796663 -0.14726401  2.04752852  1.07006705  0.7281142
  1.31827446  2.02329912  2.64093085]",12.8986
60,0.6931,0.6969,"[ 2.76883382  4.37704729 -0.14822718  2.04837915  1.07099325  0.72900074
  1.3191971   2.02246701  2.64182799]",12.9002
61,0.6932,0.6907,"[ 2.76786966  4.37803766 -0.14723141  2.04739799  1.07000203  0.7280146
  1.31820632  2.0234455   2.64084054]",12.8982
62,0.6931,0.7055,"[ 2.76903745  4.37698568 -0.14825501  2.0484946   1.07104962  0.72908777
  1.31925618  2.02233682  2.64190707]",12.9006
63,0.6931,0.6991,"[ 2.77000062  4.37599542 -0.14925073  2.04947543  1.07204076  0.73007367
  1.32024688  2.02135872  2.64289439]",12.9027
64,0.6932,0.6862,"[ 2.76906614  4.37697772 -0.14825851  2.04850997  1.07105692  0.72909909
  1.31926382  2.02231935  2.6419175 ]",12.9007
65,0.6931,0.7054,"[ 2.76998428  4.3760003  -0.14924848  2.04946616  1.07203636  0.73006662
  1.32024222  2.02136922  2.64288829]",12.9027
66,0.6931,0.6952,"[ 2.76899562  4.37699731 -0.14824977  2.04847202  1.07103911  0.72907087
  1.31924508  2.02236253  2.64189227]",12.9005
67,0.6931,0.6925,"[ 2.76988125  4.37603801 -0.14923062  2.04940008  1.07200174  0.73001479
  1.32020597  2.02144234  2.64284125]",12.9025
68,0.6932,0.6877,"[ 2.76889344  4.3770348  -0.14823202  2.0484064   1.07100468  0.72901941
  1.31920904  2.02243511  2.64184547]",12.9003
69,0.6929,0.7059,"[ 2.76793179  4.37802447 -0.14723657  2.04742662  1.07001409  0.72803431
  1.31821894  2.02341202  2.6408589 ]",12.8983
70,0.6931,0.6931,"[ 2.76862335  4.3778328  -0.14702621  2.04791199  1.0701602   0.72839468
  1.31838925  2.02287764  2.64117266]",12.8985
71,0.6931,0.6929,"[ 2.76989152  4.37674436 -0.14806699  2.04907227  1.07124144  0.72951745
  1.31947413  2.02169867  2.64228524]",12.9012
72,0.6931,0.7029,"[ 2.77090878  4.37573966 -0.14906906  2.05008143  1.07224575  0.73052418
  1.32047864  2.02068824  2.6432914 ]",12.9035
73,0.6932,0.6915,"[ 2.76998526  4.37671908 -0.14807811  2.04912166  1.07126453  0.72955376
  1.31949833  2.02164237  2.64231828]",12.9014
74,0.6929,0.7044,"[ 2.77099032  4.37571768 -0.14907872  2.05012437  1.07226582  0.73055575
  1.32049968  2.02063928  2.64332013]",12.9036
75,0.693,0.6978,"[ 2.77006565  4.37669674 -0.14808798  2.04916483  1.07128496  0.72958566
  1.31951971  2.02159332  2.64234739]",12.9015
76,0.6932,0.6826,"[ 2.77074589  4.3758052  -0.14903753  2.04997055  1.07218519  0.73043598
  1.32041559  2.02080954  2.64320985]",12.9031
77,0.6931,0.7,"[ 2.77169578  4.37481855 -0.15003165  2.05094436  1.07317303  0.73141674
  1.32140284  2.01983942  2.64419243]",12.9054
78,0.6931,0.6826,"[ 2.77266756  4.37382594 -0.15102842  2.0519298   1.0741663   0.73240608
  1.32239579  2.01885605  2.64518274]",12.9078
79,0.6929,0.6753,"[ 2.77167373  4.37482433 -0.15002911  2.05093297  1.07316778  0.73140838
  1.32139734  2.01985242  2.64418489]",12.9053
80,0.6931,0.6896,"[ 2.77072064  4.37581195 -0.14903452  2.04995733  1.07217908  0.7304262
  1.32040919  2.0208246   2.64320113]",12.9031
81,0.6931,0.7059,"[ 2.77001552  4.3767141  -0.1480798   2.04913424  1.07126894  0.729562
  1.31950312  2.02162713  2.64232534]",12.9014
82,0.6931,0.7049,"[ 2.77092715  4.37574437 -0.14906568  2.05007997  1.07224117  0.73052005
  1.32047407  2.02068754  2.64328718]",12.9035
83,0.6932,0.6906,"[ 2.77002146  4.3767189  -0.14807688  2.04912969  1.07126441  0.72955663
  1.31949842  2.02163088  2.64232042]",12.9015
84,0.6931,0.7033,"[ 2.77102863  4.37571693 -0.14907774  2.05013352  1.07226623  0.73055944
  1.32050032  2.02062652  2.64332302]",12.9037
85,0.6931,0.691,"[ 2.77022034  4.37666216 -0.14810216  2.04923829  1.07131629  0.72963737
  1.31955274  2.02150782  2.64239403]",12.9019
86,0.6933,0.699,"[ 2.7731865   4.37367091 -0.15109833  2.05222096  1.07430833  0.73262471
  1.32254439  2.01852764  2.64538256]",12.9089
87,0.6932,0.7042,"[ 2.77416021  4.37267786 -0.15209528  2.0532073   1.075302    0.7336147
  1.32353777  2.01754322  2.64637348]",12.9115
88,0.6931,0.7106,"[ 2.77516416  4.37167675 -0.15309576  2.05420943  1.07630303  0.73461626
  1.32453884  2.0165408   2.64737495]",12.9142
89,0.6931,0.6896,"[ 2.7761273   4.37068658 -0.15409145  2.05519019  1.07729405  0.73560216
  1.32552946  2.01556271  2.64836204]",12.9169
90,0.6931,0.7001,"[ 2.77711044  4.36969086 -0.15508958  2.05618168  1.07829014  0.73659597
  1.32652538  2.01457243  2.64935637]",12.9199
91,0.6931,0.6931,"[ 2.77513391  4.37170016 -0.15305552  2.05418745  1.07627871  0.73459472
  1.32451497  2.01656367  2.64735338]",12.914
92,0.6931,0.6853,"[ 2.77414354  4.37269769 -0.15205658  2.05319234  1.07528098  0.73359825
  1.32351734  2.01755807  2.64635668]",12.9113
93,0.6931,0.699,"[ 2.7751111   4.3717061  -0.15305291  2.05417571  1.0762733   0.73458612
  1.32450932  2.01657706  2.6473456 ]",12.914
94,0.6931,0.6933,"[ 2.77363853  4.37290145 -0.15195674  2.05285398  1.07509179  0.73332783
  1.32332103  2.01792764  2.64610413]",12.9103
95,0.6929,0.7062,"[ 2.77269516  4.3738863  -0.15096338  2.05188361  1.07410564  0.73234956
  1.32233551  2.01889386  2.64512401]",12.9078
96,0.6931,0.6963,"[ 2.7736861   4.37288859 -0.15196237  2.05287905  1.07510356  0.73334623
  1.32333334  2.01789908  2.64612101]",12.9104
97,0.6932,0.6975,"[ 2.77474919  4.3718708  -0.15297022  2.05391317  1.07611987  0.73437145
  1.32435036  2.01686044  2.64714431]",12.9132
98,0.6931,0.6932,"[ 2.77314657  4.37316439 -0.15181606  2.0524656   1.07484471  0.73299804
  1.32306606  2.01833998  2.64579182]",12.9094
99,0.6928,0.6798,"[ 2.7740851   4.37218079 -0.15280888  2.05343353  1.07582973  0.73397454
  1.3240504   2.01737651  2.64677028]",12.9119
100,0.6931,0.6953,"[ 2.77494624  4.3712186  -0.15379227  2.0543601   1.07679514  0.73492053
  1.32501427  2.01645997  2.64772069]",12.9144
101,0.6932,0.699,"[ 2.77602324  4.37019699 -0.15480178  2.05540158  1.07781497  0.73595113
  1.32603494  2.01541301  2.64874908]",12.9175
102,0.693,0.685,"[ 2.77503346  4.37119436 -0.15380291  2.05440678  1.07681739  0.73495489
  1.32503746  2.01640706  2.64775259]",12.9146
103,0.6932,0.7037,"[ 2.77591721  4.37022665 -0.15478867  2.05534453  1.07778784  0.73590892
  1.32600659  2.01547769  2.64871034]",12.9172
104,0.6932,0.6919,"[ 2.77304405  4.37319267 -0.15180351  2.05241087  1.07481894  0.73295753
  1.32303908  2.01840216  2.64575507]",12.9092
105,0.6931,0.6883,"[ 2.77207989  4.37418328 -0.1508076   2.05142936  1.07382752  0.73197103
  1.32204807  2.01938104  2.64476744]",12.9067
106,0.6931,0.6835,"[ 2.77107121  4.37518561 -0.14980656  2.0504248   1.07282541  0.73096765
  1.32104585  2.02038623  2.64376442]",12.9043
107,0.6932,0.6924,"[ 2.77022729  4.37614142 -0.1488262   2.04950958  1.0718658   0.73003062
  1.32008815  2.02129008  2.6428218 ]",12.9023
108,0.6932,0.7023,"[ 2.77127754  4.37512749 -0.14983235  2.05053652  1.07287854  0.73105053
  1.32110149  2.02025945  2.64383996]",12.9047
109,0.6931,0.6813,"[ 2.77031191  4.37611839 -0.14883632  2.04955439  1.07188686  0.73006361
  1.3201102   2.02123905  2.64285191]",12.9025
110,0.6932,0.6841,"[ 2.76938393  4.37709833 -0.1478452   2.04859311  1.07090519  0.72909225
  1.3191294   2.02219506  2.64187803]",12.9004
111,0.6931,0.7005,"[ 2.7703658   4.37610306 -0.14884311  2.04958375  1.07190089  0.73008538
  1.32012489  2.02120577  2.64287187]",12.9026
112,0.6932,0.6859,"[ 2.77120665  4.37514997 -0.14982206  2.05049505  1.07285797  0.73101897
  1.32107998  2.02030593  2.64381127]",12.9046
113,0.6932,0.6818,"[ 2.77023833  4.37614153 -0.14882575  2.04951159  1.07186569  0.73003109
  1.32008806  2.02128706  2.64282235]",12.9023
114,0.6931,0.7002,"[ 2.77119098  4.37515417 -0.14982018  2.0504868   1.07285417  0.73101285
  1.32107598  2.02031534  2.64380587]",12.9045
115,0.6932,0.6984,"[ 2.77209985  4.37417971 -0.15080883  2.05143757  1.07383087  0.73197632
  1.32205155  2.01937123  2.64477275]",12.9068
116,0.6931,0.71,"[ 2.77309609  4.37318064 -0.15180842  2.0524357   1.07483003  0.73297495
  1.32305067  2.01837338  2.64577155]",12.9093
117,0.693,0.7012,"[ 2.77404238  4.37219497 -0.15280214  2.05340765  1.07581695  0.73395437
  1.32403698  2.01740534  2.64675277]",12.9118
118,0.6931,0.6945,"[ 2.77488301  4.37123844 -0.15378304  2.05432329  1.07677718  0.73489229
  1.32499543  2.01650123  2.64769577]",12.9142
119,0.6932,0.6868,"[ 2.77384264  4.37224957 -0.15277813  2.05330176  1.07576701  0.7338764
  1.3239848   2.01752569  2.64668122]",12.9114
120,0.6932,0.6939,"[ 2.77667636  4.36929505 -0.15575817  2.05621368  1.07872534  0.73681161
  1.32694133  2.0146257   2.64962144]",12.9196
121,0.6931,0.7034,"[ 2.77769071  4.36829123 -0.15675982  2.05722113  1.07972885  0.73781703
  1.32794498  2.01361723  2.65062652]",12.9228
122,0.6931,0.6925,"[ 2.77487545  4.37124004 -0.15378231  2.05431976  1.07677584  0.73488969
  1.32499395  2.01650542  2.64769386]",12.9142
123,0.6931,0.7077,"[ 2.77584992  4.37024667 -0.15477941  2.05530666  1.07776978  0.73588013
  1.32598762  2.01552036  2.64868512]",12.917
124,0.6931,0.6895,"[ 2.77669992  4.36929064 -0.15575984  2.05622358  1.0787294   0.73681821
  1.32694555  2.01461405  2.64962777]",12.9197
125,0.6931,0.7009,"[ 2.77769153  4.36829274 -0.15675892  2.05721939  1.07972749  0.73781517
  1.32794355  2.01361885  2.650625  ]",12.9228
126,0.693,0.7068,"[ 2.77685046  4.36924761 -0.15577883  2.05630557  1.07876896  0.73687891
  1.32698674  2.01452142  2.64968427]",12.9201
127,0.6931,0.6942,"[ 2.77752578  4.36834461 -0.15673548  2.05712385  1.07967971  0.73774307
  1.32789388  2.01372579  2.65055779]",12.9224
128,0.6931,0.6929,"[ 2.77487121  4.3712311  -0.15378749  2.0543289   1.07678444  0.73489954
  1.32500279  2.01649723  2.64770362]",12.9142
129,0.6932,0.6829,"[ 2.77391558  4.37221946 -0.15279254  2.05335178  1.07579511  0.73391621
  1.32401392  2.01747114  2.64671903]",12.9115
130,0.6932,0.6927,"[ 2.77320162  4.37313493 -0.15183033  2.05251107  1.07487268  0.73303527
  1.32309487  2.0182915   2.64582882]",12.9095
131,0.6932,0.6883,"[ 2.7721864   4.37413912 -0.15082847  2.05150295  1.07386886  0.73202925
  1.32209087  2.01930074  2.64482338]",12.9069
132,0.6932,0.7011,"[ 2.77318792  4.37313862 -0.15182869  2.05250386  1.07486934  0.73302993
  1.32309136  2.01829971  2.64582406]",12.9095
133,0.6932,0.691,"[ 2.77229748  4.3741091  -0.15084163  2.05156144  1.07389633  0.7320722
  1.32211959  2.01923415  2.64486279]",12.9072
134,0.6932,0.7005,"[ 2.77325033  4.37312155 -0.15183617  2.05253696  1.07488499  0.73305424
  1.3231077   2.01826209  2.6458465 ]",12.9096
135,0.6932,0.6894,"[ 2.7742358   4.37212536 -0.15283449  2.05352945  1.07588152  0.73404874
  1.32410407  2.01727066  2.64684151]",12.9122
136,0.6932,0.6974,"[ 2.77521908  4.37112966 -0.15383262  2.05452093  1.0768776   0.73504253
  1.32509997  2.0162804   2.64783585]",12.915
137,0.693,0.6787,"[ 2.77430098  4.37210752 -0.15284229  2.05356398  1.0758979   0.73407407
  1.32412114  2.01723147  2.64686506]",12.9124
138,0.6931,0.6944,"[ 2.77330921  4.37310549 -0.15184313  2.05256802  1.07489979  0.73307692
  1.32312308  2.01822686  2.64586788]",12.9097
139,0.6932,0.6846,"[ 2.77236717  4.3740901  -0.15084984  2.05159818  1.07391387  0.73209898
  1.3221378   2.01919249  2.64488814]",12.9073
140,0.6931,0.6999,"[ 2.77334606  4.37309558 -0.15184745  2.05258735  1.07490889  0.73309106
  1.32313258  2.01820486  2.64588097]",12.9098
141,0.693,0.7055,"[ 2.77241501  4.37407714 -0.15085552  2.05162342  1.07392574  0.73211751
  1.32215021  2.01916374  2.64490515]",12.9074
142,0.6931,0.6909,"[ 2.77149766  4.37505513 -0.14986515  2.05066656  1.07294584  0.73114913
  1.32117126  2.02011454  2.64393402]",12.9052
143,0.6931,0.7024,"[ 2.77250643  4.37405272 -0.1508662   2.05167123  1.07394806  0.73215255
  1.32217358  2.01910924  2.64493719]",12.9076
144,0.6932,0.6904,"[ 2.77156427  4.37503743 -0.14987288  2.05070127  1.07296203  0.73117453
  1.3211882   2.02007495  2.64395727]",12.9053
145,0.6931,0.701,"[ 2.77256132  4.37403813 -0.15087257  2.05169983  1.0739614   0.73217348
  1.32218754  2.0190766   2.64495637]",12.9077
146,0.693,0.7103,"[ 2.77355005  4.37304104 -0.15187129  2.05269407  1.07495876  0.73316926
  1.32318477  2.01808319  2.64595257]",12.9103
147,0.6931,0.6854,"[ 2.77454148  4.37204322 -0.15287034  2.05368973  1.07595678  0.73416609
  1.3241827   2.01708814  2.6469497 ]",12.9129
148,0.6931,0.6847,"[ 2.77354045  4.37304359 -0.15187016  2.05268906  1.07495645  0.73316556
  1.32318235  2.01808888  2.64594926]",12.9103
149,0.6931,0.697,"[ 2.77450068  4.37205395 -0.15286563  2.05366862  1.075947    0.73415064
  1.32417247  2.01711222  2.64693564]",12.9128
150,0.6932,0.6891,"[ 2.77351279  4.37305081 -0.15186699  2.05267482  1.07494988  0.73315513
  1.32317548  2.01810514  2.64593981]",12.9102
151,0.6932,0.6937,"[ 2.77631541  4.37010657 -0.15484232  2.05556803  1.07789876  0.7360761
  1.32612217  2.015226    2.64886686]",12.9181
152,0.693,0.7063,"[ 2.77542995  4.37107474 -0.15385632  2.05462936  1.07692795  0.73512131
  1.32515261  2.01615647  2.64790864]",12.9155
153,0.6931,0.6895,"[ 2.77461784  4.37202076 -0.15288026  2.05373211  1.0759775   0.73419756
  1.32420426  2.01704037  2.6469792 ]",12.9131
154,0.6931,0.7012,"[ 2.77560943  4.37102288 -0.15387934  2.05472789  1.07697557  0.73519448
  1.32520225  2.01604521  2.64797642]",12.9159
155,0.6931,0.693,"[ 2.77463912  4.37200668 -0.15288807  2.05375137  1.07599081  0.73421467
  1.32421802  2.01702027  2.64699547]",12.9131
156,0.6931,0.693,"[ 2.7761186   4.37080771 -0.15398565  2.05507803  1.07717624  0.73547648
  1.32540978  2.01566487  2.64824273]",12.917
157,0.6931,0.6847,"[ 2.77513714  4.37180293 -0.15298771  2.05408749  1.07618063  0.73448333
  1.32441436  2.01665407  2.64724909]",12.9142
158,0.693,0.6749,"[ 2.77414075  4.37280199 -0.15198811  2.05308934  1.0751815   0.73348467
  1.32341527  2.01765195  2.64625036]",12.9115
159,0.6931,0.6902,"[ 2.77122653  4.37577949 -0.14899793  2.05013367  1.07220204  0.73051703
  1.32043677  2.02060135  2.64327994]",12.9042
160,0.693,0.6799,"[ 2.77180091  4.37493843 -0.14992194  2.05086037  1.07305511  0.73130226
  1.32128391  2.01990235  2.64408082]",12.9057
161,0.6931,0.6969,"[ 2.77271934  4.37396031 -0.15091232  2.05181758  1.07403516  0.73227081
  1.322263    2.01895112  2.64505223]",12.908
162,0.6931,0.7023,"[ 2.77370565  4.37296383 -0.15191078  2.05281059  1.07503196  0.7332657
  1.32325965  2.0179591   2.64604762]",12.9106
163,0.6931,0.6972,"[ 2.77466912  4.37197332 -0.15290663  2.05379185  1.0760233   0.73425202
  1.3242506   2.01698051  2.64703513]",12.9132
164,0.6931,0.6795,"[ 2.77375797  4.37294908 -0.15191726  2.05283887  1.07504552  0.73328655
  1.32327377  2.01792711  2.64606704]",12.9107
165,0.6932,0.6898,"[ 2.7729838   4.37388157 -0.15094756  2.05196564  1.07410748  0.7323815
  1.32233842  2.01878432  2.64515454]",12.9086
166,0.6931,0.6893,"[ 2.77397651  4.37288343 -0.15194674  2.05296193  1.0751058   0.73337878
  1.32333666  2.01778857  2.64615214]",12.9112
167,0.6932,0.6949,"[ 2.77490309  4.37190292 -0.1529382   2.05392372  1.076088    0.73435081
  1.32431805  2.01683211  2.64712653]",12.9137
168,0.6931,0.7039,"[ 2.77592476  4.37089713 -0.15394072  2.05493503  1.07709331  0.73535906
  1.32532359  2.01581924  2.64813419]",12.9166
169,0.6931,0.6887,"[ 2.77496828  4.37188582 -0.15294562  2.05395734  1.07610367  0.73437528
  1.3243344   2.01679378  2.64714918]",12.9138
170,0.693,0.6767,"[ 2.77398722  4.37288088 -0.15194776  2.05296707  1.0751082   0.73338234
  1.32333912  2.01778268  2.64615573]",12.9112
171,0.6931,0.6902,"[ 2.77304684  4.3738652  -0.15095459  2.05199791  1.07412253  0.73240485
  1.32235411  2.0187475   2.64517638]",12.9087
172,0.6932,0.6894,"[ 2.77205511  4.37486309 -0.1499555   2.05100211  1.07312448  0.73140788
  1.32135614  2.01974269  2.64417921]",12.9063
173,0.6932,0.6981,"[ 2.77304215  4.37386642 -0.15095403  2.05199549  1.07412145  0.73240304
  1.32235296  2.01875026  2.64517485]",12.9087
174,0.693,0.7025,"[ 2.77206296  4.37486099 -0.1499564   2.05100622  1.07312642  0.73141086
  1.32135817  2.019738    2.64418201]",12.9063
175,0.6931,0.692,"[ 2.77306454  4.37386037 -0.15095665  2.05200724  1.07412703  0.7324116
  1.32235877  2.01873692  2.64518291]",12.9088
176,0.6932,0.699,"[ 2.77406208  4.37286092 -0.15195641  2.05300608  1.07512654  0.73341076
  1.32335825  2.01773826  2.6461822 ]",12.9114
177,0.6932,0.69,"[ 2.77309079  4.3738534  -0.15095967  2.05202089  1.07413342  0.73242154
  1.32236544  2.01872135  2.64519214]",12.9088
178,0.6931,0.6974,"[ 2.77402257  4.37287147 -0.15195176  2.05298541  1.07511694  0.73339557
  1.32334819  2.0177618   2.64616844]",12.9113
179,0.6932,0.685,"[ 2.77487469  4.37191409 -0.1529328   2.0539043   1.07607785  0.73433531
  1.32430743  2.01685342  2.64711284]",12.9136
180,0.6931,0.6911,"[ 2.77197797  4.37488674 -0.14994476  2.05095799  1.07310285  0.73137458
  1.32133358  2.0197922   2.64414879]",12.9061
181,0.6932,0.7013,"[ 2.77291503  4.37390359 -0.15093734  2.05192499  1.07408749  0.73235032
  1.32231748  2.01882982  2.6451268 ]",12.9084
182,0.6931,0.6902,"[ 2.77203201  4.37487176 -0.14995134  2.0509869   1.07311659  0.73139586
  1.32134792  2.01975939  2.64416846]",12.9062
183,0.6931,0.6955,"[ 2.77294883  4.37389392 -0.1509416   2.05194344  1.07409639  0.73236396
  1.32232675  2.01880896  2.6451395 ]",12.9085
184,0.6931,0.7056,"[ 2.77390337  4.37290599 -0.1519363   2.05291975  1.07508538  0.73334658
  1.32331523  2.01783597  2.64612371]",12.911
185,0.6932,0.6956,"[ 2.77424006  4.37221845 -0.15277329  2.05343839  1.0757926   0.73394772
  1.32401285  2.01735325  2.64674676]",12.9124
186,0.6931,0.699,"[ 2.7752153   4.37122483 -0.1537705   2.05442575  1.07678678  0.73493851
  1.32500676  2.01636768  2.64773835]",12.9151
187,0.6932,0.6995,"[ 2.7743007   4.37220208 -0.15278044  2.05347028  1.07580761  0.73397108
  1.32402852  2.01731697  2.64676835]",12.9125
188,0.6932,0.6864,"[ 2.77331041  4.37319957 -0.15178151  2.05247523  1.07480991  0.73297466
  1.32303093  2.01831131  2.64577168]",12.9099
189,0.6931,0.7002,"[ 2.7742967   4.37220308 -0.15277998  2.05346826  1.07580671  0.73396957
  1.32402758  2.01731928  2.64676707]",12.9125
190,0.6931,0.698,"[ 2.77337265  4.37318228 -0.15178911  2.05250856  1.07482577  0.73299922
  1.32304748  2.01827349  2.64579438]",12.91
191,0.6931,0.6849,"[ 2.77237354  4.37418209 -0.15078918  2.05150897  1.07382595  0.73199948
  1.32204767  2.01927302  2.64479467]",12.9075
192,0.693,0.7119,"[ 2.77530056  4.37120133 -0.15378076  2.05447115  1.0768084   0.7349718
  1.3250293   2.01631617  2.64776943]",12.9153
193,0.6932,0.6982,"[ 2.77628089  4.37020637 -0.15477856  2.05546114  1.0778038   0.73596452
  1.32602449  2.0153276   2.64876278]",12.9181
194,0.6931,0.6844,"[ 2.77528152  4.37120624 -0.1537786   2.05446142  1.07680393  0.73496468
  1.32502462  2.01632728  2.64776298]",12.9152
195,0.693,0.6763,"[ 2.77429055  4.3722039  -0.15277961  2.05346603  1.07580609  0.73396802
  1.32402687  2.01732201  2.6467661 ]",12.9125
196,0.6931,0.7009,"[ 2.77529268  4.37120323 -0.1537799   2.05446728  1.07680671  0.73496895
  1.32502752  2.0163206   2.64776699]",12.9153
197,0.6931,0.7072,"[ 2.77628157  4.37020606 -0.15477866  2.05546166  1.07780414  0.73596485
  1.32602483  2.01532703  2.64876327]",12.9181
198,0.6932,0.6896,"[ 2.77543668  4.37116273 -0.15379774  2.05454494  1.07684391  0.73502627
  1.32506627  2.01623271  2.64782021]",12.9156
199,0.6931,0.6976,"[ 2.77639733  4.37017291 -0.15479331  2.05552482  1.07783461  0.73601162
  1.32605656  2.01525567  2.64880676]",12.9184
200,0.6931,0.6854,"[ 2.77540386  4.37117125 -0.15379402  2.05452813  1.07683614  0.735014
  1.32505816  2.01625189  2.647809  ]",12.9155
201,0.6932,0.6958,"[ 2.77635162  4.37018487 -0.15478809  2.05550129  1.07782369  0.73599443
  1.32604516  2.0152825   2.64879101]",12.9183
202,0.6932,0.7023,"[ 2.77540925  4.37116967 -0.15379469  2.05453111  1.07683761  0.73501618
  1.32505969  2.01624852  2.6478111 ]",12.9155
203,0.6931,0.687,"[ 2.77445096  4.37215876 -0.15279943  2.05355259  1.07584761  0.73403182
  1.32407012  2.01722402  2.64682555]",12.9129
204,0.6931,0.698,"[ 2.77540495  4.37117076 -0.1537942   2.05452893  1.07683665  0.73501456
  1.32505867  2.01625101  2.64780974]",12.9155
205,0.6932,0.6905,"[ 2.77444466  4.37216035 -0.15279871  2.0535494   1.07584619  0.73402946
  1.32406862  2.01722767  2.64682351]",12.9128
206,0.6931,0.6817,"[ 2.77347183  4.37315328 -0.15180178  2.05256335  1.07485266  0.73303961
  1.32307539  2.01821175  2.64583287]",12.9102
207,0.6931,0.6921,"[ 2.77450527  4.37214358 -0.15280606  2.05358174  1.0758616   0.73405322
  1.32408467  2.01719101  2.64684563]",12.913
208,0.6932,0.6853,"[ 2.77347752  4.37315109 -0.15180275  2.0525671   1.07485474  0.73304245
  1.32307751  2.01820766  2.64583581]",12.9102
209,0.6931,0.6988,"[ 2.77444339  4.37215996 -0.15279888  2.05354958  1.07584665  0.73402966
  1.32406904  2.01722767  2.64682415]",12.9128
210,0.6931,0.6876,"[ 2.77353768  4.37313432 -0.15181012  2.0525994   1.07487013  0.73306625
  1.32309356  2.01817104  2.64585783]",12.9104
211,0.693,0.6986,"[ 2.77449265  4.3721461  -0.15280498  2.05357619  1.07585938  0.7340493
  1.32408232  2.01719753  2.64684235]",12.9129
212,0.6931,0.6853,"[ 2.77353113  4.37313604 -0.15180934  2.05259599  1.07486859  0.73306371
  1.32309193  2.01817494  2.64585565]",12.9104
213,0.6931,0.6982,"[ 2.77450845  4.3721419  -0.15280678  2.0535844   1.07586325  0.73405525
  1.32408635  2.01718818  2.64684795]",12.913
214,0.6931,0.6877,"[ 2.77353786  4.37313424 -0.15181011  2.05259951  1.07487027  0.73306625
  1.32309368  2.01817093  2.64585808]",12.9104
215,0.693,0.678,"[ 2.77257654  4.37412402 -0.15081456  2.05161957  1.07387962  0.7320809
  1.32210345  2.01914805  2.64487156]",12.9079
216,0.6932,0.6905,"[ 2.77163148  4.37510949 -0.14982091  2.05064811  1.07289289  0.73110178
  1.32111734  2.02011548  2.64389063]",12.9056
217,0.6931,0.7051,"[ 2.77261201  4.37411456 -0.15081868  2.05163808  1.07388828  0.73209443
  1.32211251  2.01912694  2.64488401]",12.908
218,0.6931,0.6905,"[ 2.77169221  4.3750932  -0.14982803  2.05067995  1.07290779  0.73112511
  1.32113293  2.0200792   2.64391203]",12.9057
219,0.6931,0.6802,"[ 2.77072429  4.37608473 -0.14883173  2.0496966   1.07191553  0.73013728
  1.32014104  2.02106019  2.64292316]",12.9035
220,0.6931,0.6845,"[ 2.76971579  4.37708713 -0.14783065  2.04869198  1.07091335  0.72913383
  1.31913875  2.02206543  2.64192007]",12.9013
221,0.6931,0.6926,"[ 2.76887366  4.37804104 -0.14685132  2.04777954  1.06995547  0.7281993
  1.31818289  2.02296639  2.64097952]",12.8995
222,0.6931,0.7045,"[ 2.76992527  4.37702674 -0.14785765  2.04880723  1.07096852  0.72921979
  1.31919658  2.0219349   2.6419981 ]",12.9017
223,0.6931,0.6873,"[ 2.77072178  4.37608923 -0.14882927  2.04969074  1.07191134  0.73013178
  1.32013672  2.02106594  2.64291803]",12.9035
224,0.6932,0.7021,"[ 2.77164209  4.37511097 -0.14981965  2.05064841  1.07289154  0.73110053
  1.32111594  2.02011413  2.64388979]",12.9056
225,0.6932,0.6916,"[ 2.77074174  4.37608412 -0.14883145  2.04970086  1.07191605  0.73013907
  1.32014161  2.02105437  2.64292488]",12.9035
226,0.6932,0.6879,"[ 2.77169732  4.37509604 -0.1498262   2.05067752  1.07290518  0.73112191
  1.32113022  2.02008096  2.64390932]",12.9058
227,0.6932,0.7002,"[ 2.77269223  4.37409731 -0.15082564  2.05167497  1.07390404  0.73212004
  1.32212902  2.01908388  2.64490768]",12.9082
228,0.6931,0.6893,"[ 2.77175057  4.37508189 -0.14983238  2.05070528  1.07291812  0.73114221
  1.32114377  2.0200493   2.64392793]",12.9059
229,0.6931,0.6987,"[ 2.77267513  4.37410221 -0.15082343  2.05166558  1.07389959  0.73211301
  1.32212435  2.01909451  2.6449014 ]",12.9081
230,0.6931,0.6845,"[ 2.77364601  4.37310984 -0.15182009  2.05265056  1.07489263  0.73310203
  1.32311708  2.01811166  2.64589138]",12.9106
231,0.6931,0.69,"[ 2.77267337  4.37410265 -0.15082322  2.0516647   1.07389921  0.73211234
  1.32212396  2.01909551  2.64490086]",12.9081
232,0.6932,0.7001,"[ 2.77367853  4.37310119 -0.15182385  2.0526675   1.07490056  0.73311439
  1.32312536  2.01809235  2.64590279]",12.9107
233,0.6932,0.6891,"[ 2.77270725  4.37409369 -0.15082711  2.05168229  1.07390742  0.73212517
  1.32213254  2.01907545  2.6449127 ]",12.9082
234,0.6932,0.687,"[ 2.77170364  4.37509471 -0.14982665  2.05068032  1.0729065   0.73112369
  1.32113157  2.02007768  2.6439114 ]",12.9058
235,0.6931,0.6998,"[ 2.77268237  4.37410023 -0.15082423  2.0516694   1.07390148  0.7321157
  1.32212631  2.01909017  2.64490418]",12.9082
236,0.6931,0.6887,"[ 2.7717301   4.37508766 -0.14982972  2.05069413  1.07291297  0.73113378
  1.32113833  2.02006193  2.6439207 ]",12.9058
237,0.693,0.7086,"[ 2.77269808  4.3740961  -0.150826    2.05167751  1.07390529  0.73212158
  1.32213028  2.0190809   2.64490968]",12.9082
238,0.6931,0.6977,"[ 2.77366613  4.37310441 -0.15182237  2.05266109  1.07489771  0.73310959
  1.32312235  2.01809966  2.64589878]",12.9107
239,0.6931,0.691,"[ 2.77284571  4.37405392 -0.15084472  2.05175808  1.07394394  0.73218135
  1.32217064  2.01898974  2.64496469]",12.9085
240,0.6931,0.6882,"[ 2.77187743  4.37504562 -0.14984833  2.05077444  1.07295153  0.73119329
  1.32117858  2.01997104  2.64397562]",12.9061
241,0.6932,0.6993,"[ 2.77286934  4.37404768 -0.15084743  2.05177034  1.07394967  0.73219029
  1.32217663  2.01897573  2.64497294]",12.9086
242,0.6931,0.6867,"[ 2.77188503  4.37504359 -0.1498492   2.05077842  1.07295341  0.73119616
  1.32118055  2.0199665   2.64397834]",12.9062
243,0.6931,0.6997,"[ 2.77284944  4.37405295 -0.15084509  2.05175998  1.07394489  0.73218266
  1.32217161  2.01898755  2.64496609]",12.9085
244,0.6932,0.6919,"[ 2.77193159  4.37503063 -0.1498549   2.05080341  1.07296529  0.73121459
  1.32119296  2.01993813  2.64399532]",12.9063
245,0.6931,0.6853,"[ 2.77093544  4.37602964 -0.14885532  2.04980537  1.0719662   0.730216
  1.32019391  2.02093588  2.64299664]",12.9039
246,0.6931,0.7041,"[ 2.77199128  4.37501384 -0.14986233  2.05083571  1.07298066  0.73123849
  1.32120904  2.01990149  2.64401722]",12.9064
247,0.6931,0.6813,"[ 2.77274879  4.37408969 -0.15082785  2.05169557  1.07391102  0.73213247
  1.32213637  2.01905865  2.64491968]",12.9083
248,0.6931,0.6898,"[ 2.77368729  4.37310663 -0.15182036  2.05266274  1.07489555  0.73310823
  1.32312018  2.01809595  2.64589759]",12.9107
249,0.6931,0.6908,"[ 2.77274965  4.37409017 -0.15082754  2.05169508  1.07391061  0.73213185
  1.32213592  2.01905907  2.64491928]",12.9083
250,0.6931,0.6875,"[ 2.77374746  4.37309069 -0.1518273   2.05269402  1.07491015  0.73313107
  1.32313544  2.01806029  2.64591862]",12.9109
251,0.693,0.7101,"[ 2.77472785  4.37209578 -0.15282508  2.05368395  1.07590552  0.73412372
  1.32413058  2.01707179  2.64691194]",12.9135
252,0.6931,0.6976,"[ 2.77566946  4.37111109 -0.15381839  2.05465381  1.07689152  0.73510171
  1.32511597  2.01610615  2.64789176]",12.9162
253,0.6931,0.6862,"[ 2.77468293  4.37210762 -0.15281989  2.05366068  1.07589471  0.73410668
  1.32411929  2.01709831  2.64689638]",12.9134
254,0.6931,0.6968,"[ 2.7755931   4.37113157 -0.1538094   2.05461382  1.07687281  0.73507238
  1.32509642  2.01615166  2.64786488]",12.916
255,0.6932,0.6982,"[ 2.7767009   4.37010044 -0.15482319  2.05567298  1.07790142  0.73611624
  1.3261262   2.01508489  2.64890566]",12.9191
256,0.6931,0.6857,"[ 2.77570781  4.37109869 -0.15382394  2.05467646  1.07690304  0.73511875
  1.32512789  2.01608091  2.64790802]",12.9162
257,0.6931,0.689,"[ 2.77499723  4.37200718 -0.15286548  2.05384448  1.07598731  0.73424584
  1.32421558  2.01689293  2.64702617]",12.9141
258,0.6931,0.6984,"[ 2.7759692   4.3710144  -0.15386234  2.05483018  1.07698072  0.73523544
  1.32520869  2.01590926  2.64801665]",12.9168
259,0.6931,0.6864,"[ 2.77498852  4.37200941 -0.15286449  2.05384005  1.0759853   0.73424259
  1.32421347  2.01689799  2.64702328]",12.9141
260,0.6931,0.6861,"[ 2.7740089   4.37300412 -0.15186678  2.05285048  1.07499015  0.73325016
  1.32321853  2.01788608  2.6460303 ]",12.9114
261,0.6931,0.6928,"[ 2.77520125  4.37194192 -0.15289509  2.05396394  1.07604749  0.73433626
  1.32427815  2.01675945  2.64711055]",12.9145
262,0.6929,0.7087,"[ 2.77614321  4.37095737 -0.15388832  2.05493367  1.07703338  0.73531409
  1.3252634   2.01579391  2.64809025]",12.9172
263,0.6931,0.6976,"[ 2.77709782  4.36996913 -0.1548832   2.05591045  1.07802262  0.73629719
  1.32625218  2.0148204   2.64907469]",12.92
264,0.6932,0.6902,"[ 2.77609805  4.37096929 -0.1538831   2.05491028  1.0770225   0.73529698
  1.32525204  2.01582056  2.64807457]",12.9171
265,0.6929,0.678,"[ 2.7751628   4.37195201 -0.15289062  2.05394403  1.07603834  0.73432162
  1.32426855  2.01678217  2.64709743]",12.9144
266,0.6931,0.6906,"[ 2.77371668  4.37313879 -0.15179872  2.05263776  1.07486451  0.73307559
  1.32308855  2.01811526  2.6458661 ]",12.9109
267,0.6932,0.6878,"[ 2.77269491  4.37414477 -0.15079607  2.05162616  1.07385906  0.73206702
  1.32208285  2.01912844  2.64485832]",12.9083
268,0.693,0.7028,"[ 2.77171488  4.37513954 -0.14979835  2.05063647  1.07286384  0.73107454
  1.32108785  2.02011666  2.6438652 ]",12.9059
269,0.6931,0.6859,"[ 2.77270906  4.37414102 -0.1507977   2.05163353  1.0738625   0.73207238
  1.32208645  2.01912003  2.64486328]",12.9083
270,0.6932,0.6982,"[ 2.77369426  4.37314482 -0.15179603  2.05262597  1.07485904  0.73306686
  1.32308283  2.01812866  2.6458583 ]",12.9108
271,0.6932,0.6855,"[ 2.77271974  4.37413812 -0.15079894  2.05163914  1.07386518  0.73207646
  1.32208924  2.01911363  2.64486714]",12.9083
272,0.6932,0.6989,"[ 2.77370632  4.37314157 -0.15179743  2.05263231  1.07486205  0.73307147
  1.32308596  2.01812145  2.64586263]",12.9108
273,0.6929,0.681,"[ 2.77466194  4.37215324 -0.15279233  2.05360936  1.07585139  0.7340547
  1.32407482  2.01714762  2.64684727]",12.9134
274,0.6932,0.6887,"[ 2.77561673  4.37116527 -0.15378706  2.05458579  1.0768404   0.73503744
  1.32506334  2.01617446  2.64783146]",12.9161
275,0.6931,0.679,"[ 2.77463281  4.3721611  -0.15278886  2.05359402  1.07584422  0.7340434
  1.32406733  2.01716506  2.64683701]",12.9133
276,0.6931,0.6946,"[ 2.77361072  4.37316744 -0.15178602  2.05258188  1.07483845  0.73303434
  1.32306127  2.01817882  2.64582884]",12.9106
277,0.693,0.6806,"[ 2.77450528  4.37219657 -0.15277318  2.0535256   1.07581179  0.73399285
  1.32403344  2.01724268  2.64679069]",12.913
278,0.6931,0.6846,"[ 2.77336864  4.37323738 -0.15175489  2.05244888  1.07477433  0.73293543
  1.32299438  2.01832907  2.64573772]",12.9101
279,0.6932,0.692,"[ 2.77246578  4.37421092 -0.15076651  2.0515003   1.07379854  0.73197325
  1.32201969  2.01927059  2.6447724 ]",12.9078
280,0.6931,0.6816,"[ 2.77152585  4.37519485 -0.14977355  2.05053173  1.07281324  0.73099628
  1.32103506  2.02023477  2.6437935 ]",12.9055
281,0.6931,0.7019,"[ 2.77248025  4.37420709 -0.15076816  2.05150779  1.07380208  0.73197867
  1.32202337  2.01926206  2.64477753]",12.9078
282,0.6931,0.6886,"[ 2.77151211  4.37519873 -0.1497718   2.05052426  1.07280972  0.73099069
  1.32103136  2.02024325  2.64378852]",12.9054
283,0.6932,0.6975,"[ 2.77249952  4.37420198 -0.15077037  2.05151781  1.07380677  0.73198597
  1.32202827  2.01925062  2.64478429]",12.9078
284,0.6931,0.6904,"[ 2.77328399  4.37327084 -0.15173892  2.0523915   1.07474353  0.73288997
  1.32296226  2.01839202  2.64569605]",12.9099
285,0.6931,0.7004,"[ 2.77427832  4.37227225 -0.1527383   2.05338866  1.07574226  0.7338879
  1.32396092  2.01739527  2.64669421]",12.9125
286,0.6932,0.6882,"[ 2.77331296  4.3732632  -0.15174223  2.05240649  1.07475054  0.73290089
  1.32296958  2.01837492  2.64570616]",12.91
287,0.6932,0.6977,"[ 2.77429992  4.37226656 -0.15274076  2.05339984  1.07574749  0.73389603
  1.32396639  2.01738252  2.64670176]",12.9126
288,0.6931,0.6831,"[ 2.77523234  4.3712847  -0.15373282  2.05436445  1.07673089  0.73487009
  1.32494906  2.01642278  2.64767789]",12.9152
289,0.6931,0.6891,"[ 2.77612009  4.3703165  -0.15471874  2.05530356  1.07770174  0.73582499
  1.32591865  2.01549168  2.64863631]",12.9178
290,0.6931,0.695,"[ 2.77686888  4.36938982 -0.15568611  2.05616491  1.07863439  0.73672178
  1.3268485   2.01464803  2.6495406 ]",12.9202
291,0.693,0.6827,"[ 2.77585782  4.37039276 -0.15468481  2.05515915  1.07763171  0.73571756
  1.3258457   2.01565459  2.64853674]",12.9172
292,0.6931,0.6956,"[ 2.77677015  4.36941586 -0.15567476  2.05611384  1.07861057  0.73668447
  1.32682365  2.01470622  2.64950623]",12.92
293,0.6932,0.6866,"[ 2.77572474  4.37042835 -0.15466926  2.05508967  1.07759913  0.73566668
  1.32581171  2.01573364  2.64848983]",12.9169
294,0.6931,0.6928,"[ 2.77499313  4.37134396 -0.15370746  2.0542449   1.07667687  0.73478399
  1.32489261  2.01655984  2.64759895]",12.9146
295,0.6931,0.6818,"[ 2.77402266  4.37233627 -0.15271079  2.05326006  1.07568391  0.73379501
  1.32389996  2.01754254  2.64660914]",12.912
296,0.6931,0.6992,"[ 2.77491831  4.37136505 -0.15369811  2.05420441  1.07665758  0.73475397
  1.32487245  2.01660571  2.64757147]",12.9145
297,0.693,0.6801,"[ 2.77578187  4.37040351 -0.15468113  2.05513072  1.0776223   0.73569948
  1.32583568  2.01568911  2.64852106]",12.917
298,0.693,0.7041,"[ 2.77480699  4.37139694 -0.15368397  2.05414364  1.07662832  0.73470888
  1.32484196  2.01667437  2.64752975]",12.9142
299,0.6931,0.703,"[ 2.77581243  4.37039534 -0.15468467  2.05514667  1.0776298   0.73571112
  1.32584351  2.01567095  2.64853187]",12.9171
300,0.6931,0.6995,"[ 2.77485157  4.3713851  -0.15368911  2.05416681  1.07663918  0.73472578
  1.3248533   2.01664798  2.64754543]",12.9143
301,0.6931,0.705,"[ 2.77434491  4.37218767 -0.15278532  2.05349568  1.07582258  0.73398801
  1.32404355  2.01728848  2.6467909 ]",12.9126
302,0.6931,0.6947,"[ 2.77521664  4.37122216 -0.1537702   2.05442839  1.07679104  0.73493865
  1.32501059  2.01636505  2.64774558]",12.9151
303,0.6933,0.6965,"[ 2.77816221  4.36823614 -0.15676415  2.05740074  1.07977826  0.73791857
  1.32799726  2.01339661  2.65072705]",12.924
304,0.693,0.6836,"[ 2.7771668   4.36923498 -0.15576463  2.05640304  1.07877932  0.7369202
  1.32699837  2.01439399  2.64972861]",12.9209
305,0.6931,0.7012,"[ 2.77617693  4.37023236 -0.15476576  2.05540821  1.07778174  0.73592395
  1.32600089  2.01538808  2.64873211]",12.9179
306,0.6932,0.694,"[ 2.77687133  4.36932121 -0.15572627  2.0562399   1.07870013  0.73679878
  1.32691589  2.01457796  2.64961603]",12.9202
307,0.6931,0.693,"[ 2.77425713  4.37218917 -0.15278755  2.05347464  1.07582207  0.73397954
  1.32404267  2.01731731  2.64678442]",12.9124
308,0.6932,0.6851,"[ 2.77322293  4.37319845 -0.15178346  2.05245657  1.07481359  0.73296624
  1.32303381  2.01833786  2.64577228]",12.9096
309,0.6931,0.6968,"[ 2.77417535  4.37221089 -0.15277803  2.05343206  1.07580225  0.73394833
  1.32402194  2.01736585  2.64675594]",12.9122
310,0.6932,0.7002,"[ 2.77517409  4.37121113 -0.15377792  2.05443152  1.07680204  0.73494794
  1.32502172  2.01636648  2.64775564]",12.9149
311,0.6932,0.6893,"[ 2.77420459  4.3722032  -0.15278135  2.05344717  1.07580931  0.73395931
  1.32402931  2.01734862  2.64676615]",12.9122
312,0.6932,0.7005,"[ 2.77326681  4.37318632 -0.15178875  2.05248     1.07482475  0.73298344
  1.32304545  2.01831126  2.64578828]",12.9097
313,0.6932,0.6879,"[ 2.77228679  4.37418111 -0.15079102  2.05149028  1.07382952  0.73199093
  1.32205044  2.01929951  2.64479517]",12.9072
314,0.6931,0.6992,"[ 2.77326052  4.37318794 -0.15178802  2.05247678  1.0748233   0.73298105
  1.32304392  2.01831493  2.64578621]",12.9097
315,0.6931,0.7044,"[ 2.77424534  4.37219185 -0.15278631  2.05346903  1.07581974  0.73397539
  1.3240402   2.0173238   2.64678108]",12.9123
316,0.693,0.6898,"[ 2.77512674  4.37122614 -0.15377105  2.05440382  1.07678832  0.73492686
  1.32500739  2.01639749  2.64773645]",12.9148
317,0.6932,0.6966,"[ 2.77608398  4.37023724 -0.15476622  2.05538192  1.07777818  0.73591091
  1.32599681  2.01542248  2.6487218 ]",12.9176
318,0.6929,0.6793,"[ 2.77563877  4.37099848 -0.15388518  2.05476638  1.07700126  0.73522187
  1.32522721  2.01600583  2.64801649]",12.9159
319,0.6931,0.6948,"[ 2.77568501  4.37071158 -0.15437797  2.05491698  1.07730854  0.73543184
  1.3255246   2.01587778  2.64824305]",12.9169
320,0.6931,0.6891,"[ 2.77474683  4.37169542 -0.15338498  2.05394878  1.07632335  0.73445499
  1.32454005  2.01684153  2.64726447]",12.9142
321,0.6929,0.7073,"[ 2.7741024   4.3725721  -0.15244245  2.05316725  1.07543716  0.73362377
  1.32365849  2.01759914  2.64642116]",12.9122
322,0.6932,0.6921,"[ 2.77325254  4.37353115 -0.15146044  2.05224676  1.07447463  0.73268222
  1.32269764  2.01850878  2.64547487]",12.91
323,0.6932,0.6952,"[ 2.77618567  4.37054862 -0.15445283  2.05521234  1.07745866  0.73565712
  1.32568096  2.01554804  2.64845183]",12.918
324,0.693,0.707,"[ 2.77697225  4.36961332 -0.15542374  2.05609155  1.07839921  0.73656649
  1.32661903  2.01468378  2.64936792]",12.9205
325,0.6931,0.6937,"[ 2.77768546  4.36869502 -0.15638763  2.05693565  1.07932418  0.73745111
  1.32754091  2.01385993  2.65026075]",12.9229
326,0.6932,0.6971,"[ 2.77865995  4.36770154 -0.1573848   2.05792274  1.08031822  0.73844174
  1.3285347   2.01287466  2.65125209]",12.926
327,0.6932,0.6853,"[ 2.77764798  4.36870474 -0.1563834   2.05691649  1.07931529  0.73743716
  1.32753165  2.01388176  2.65024788]",12.9228
328,0.6931,0.6887,"[ 2.77677365  4.36967036 -0.15539843  2.055983    1.07834687  0.73648594
  1.32656451  2.01480635  2.6492933 ]",12.92
329,0.6931,0.6952,"[ 2.7776939   4.36869124 -0.15638935  2.05694196  1.07932775  0.73745605
  1.32754459  2.0138531   2.65026566]",12.9229
330,0.6932,0.6849,"[ 2.77666352  4.36969938 -0.15538579  2.05592607  1.0783203   0.73644441
  1.32653681  2.01487116  2.64925492]",12.9198
331,0.6931,0.6818,"[ 2.77729444  4.36882245 -0.15632925  2.05670519  1.07920654  0.7372756
  1.32741877  2.01411675  2.65009668]",12.922
332,0.6932,0.6906,"[ 2.77634581  4.36980907 -0.15533504  2.05573153  1.07821882  0.73629473
  1.32643157  2.01508673  2.64911447]",12.9191
333,0.6931,0.679,"[ 2.77538665  4.37079838 -0.15433966  2.05475253  1.07722862  0.73531
  1.32544178  2.0160628   2.64812866]",12.9162
334,0.6931,0.6914,"[ 2.77456938  4.37174769 -0.15336196  2.05385023  1.07627511  0.73438202
  1.32449027  2.01695201  2.64719522]",12.9138
335,0.6932,0.7001,"[ 2.77557227  4.37074685 -0.15436232  2.05485182  1.07727589  0.73538319
  1.32549108  2.01595021  2.64819635]",12.9166
336,0.6931,0.6884,"[ 2.77460336  4.37173878 -0.15336581  2.05386774  1.07628328  0.73439475
  1.3244988   2.01693204  2.64720704]",12.9139
337,0.6932,0.6914,"[ 2.77365261  4.37272558 -0.15237157  2.0528935   1.07529537  0.73341361
  1.32351142  2.01790271  2.64622444]",12.9113
338,0.6932,0.7011,"[ 2.77465694  4.37172436 -0.1533721   2.05389584  1.0762965   0.73441533
  1.3245126   2.01690005  2.64722606]",12.914
339,0.6931,0.6963,"[ 2.77377294  4.3726909  -0.15238694  2.05295948  1.07532721  0.73346259
  1.32354463  2.01782815  2.64626976]",12.9115
340,0.6932,0.6833,"[ 2.77419859  4.37194832 -0.15325632  2.05355221  1.07608664  0.73412957
  1.32429593  2.01726803  2.64695541]",12.9131
341,0.6931,0.6965,"[ 2.77514479  4.37096238 -0.15425019  2.05452453  1.07707381  0.73510935
  1.32528251  2.01629962  2.6479369 ]",12.9158
342,0.6931,0.7062,"[ 2.77610035  4.36997407 -0.15524509  2.05550156  1.07806313  0.73609256
  1.32627135  2.01532581  2.64892151]",12.9186
343,0.6931,0.6926,"[ 2.77337573  4.37289588 -0.15227968  2.05265101  1.07513484  0.73320329
  1.32334617  2.01815668  2.64602375]",12.9108
344,0.6931,0.7061,"[ 2.77433676  4.37190615 -0.15327518  2.05363082  1.07612547  0.7341885
  1.32433636  2.01717972  2.64701029]",12.9134
345,0.6931,0.6842,"[ 2.77531852  4.37091085 -0.15427313  2.05462152  1.07712119  0.73518173
  1.32533188  2.01619034  2.64800409]",12.9162
346,0.6931,0.6886,"[ 2.77435617  4.37190103 -0.15327739  2.05364086  1.07613019  0.7341958
  1.32434128  2.01716828  2.64701711]",12.9135
347,0.6932,0.6903,"[ 2.77332957  4.3729086  -0.15227402  2.05262636  1.07512328  0.73318502
  1.32333405  2.0181847   2.64600729]",12.9107
348,0.6931,0.6815,"[ 2.77235352  4.37390233 -0.15127674  2.0516387   1.07412901  0.732194
  1.32234004  2.01917061  2.64501556]",12.9082
349,0.6932,0.696,"[ 2.77329461  4.37291788 -0.15226993  2.05260814  1.07511483  0.73317162
  1.32332519  2.01820548  2.64599519]",12.9106
350,0.693,0.6813,"[ 2.77423004  4.37193517 -0.15326236  2.05357437  1.07609903  0.73414685
  1.32430868  2.01724393  2.64697248]",12.9132
351,0.6932,0.6947,"[ 2.77512591  4.37096299 -0.15425019  2.05452     1.07707359  0.735107
  1.3252821   2.01630585  2.64793591]",12.9157
352,0.6932,0.7028,"[ 2.77714708  4.36882893 -0.15651994  2.05658582  1.07921904  0.73720096
  1.32742197  2.0142501   2.65003788]",12.9224
353,0.6931,0.7055,"[ 2.77813896  4.36783097 -0.15751906  2.05758176  1.08021719  0.73819801
  1.32842004  2.01325474  2.6510352 ]",12.9256
354,0.6932,0.6901,"[ 2.77719793  4.36881566 -0.15652566  2.0566119   1.07923124  0.73721988
  1.32743467  2.0142204   2.65005559]",12.9225
355,0.6931,0.6794,"[ 2.77622211  4.36980941 -0.15552835  2.05562423  1.07823698  0.73622882
  1.32644065  2.01520634  2.64906393]",12.9195
356,0.6932,0.6895,"[ 2.77525336  4.37080129 -0.15453186  2.05464022  1.07724442  0.73524043
  1.32544841  2.01618809  2.6480747 ]",12.9167
357,0.6932,0.6984,"[ 2.77623611  4.36980571 -0.15552994  2.05563147  1.0782404   0.73623406
  1.32644421  2.01519809  2.64906888]",12.9196
358,0.6931,0.6863,"[ 2.77525014  4.3708021  -0.15453149  2.05463861  1.07724371  0.73523923
  1.32544767  2.01618994  2.64807369]",12.9167
359,0.6931,0.6787,"[ 2.77425973  4.37179961 -0.15353255  2.05364351  1.076246    0.73424278
  1.32445005  2.01718434  2.64707701]",12.9138
360,0.6931,0.6951,"[ 2.77485478  4.37093748 -0.15446858  2.0543979   1.07711878  0.73505367
  1.32531767  2.0164573   2.64790134]",12.9158
361,0.6931,0.6949,"[ 2.77390442  4.37192355 -0.1534747   2.05342461  1.07613158  0.73407338
  1.32433101  2.01742705  2.64691967]",12.9131
362,0.6929,0.7092,"[ 2.77486145  4.37093493 -0.15446972  2.05440229  1.07712119  0.73505702
  1.32532014  2.01645251  2.64790474]",12.9158
363,0.6931,0.6961,"[ 2.77579424  4.36995255 -0.15546205  2.05536765  1.07810509  0.73603173
  1.32630331  2.01549201  2.6488815 ]",12.9186
364,0.6931,0.6853,"[ 2.77479368  4.37095273 -0.15446196  2.05436732  1.07710493  0.73503145
  1.32530315  2.01649239  2.64788129]",12.9156
365,0.6931,0.7033,"[ 2.77382726  4.37194387 -0.15346581  2.0533847   1.07611304  0.73404415
  1.32431163  2.01747255  2.64689298]",12.9129
366,0.6932,0.6927,"[ 2.7730294   4.37288389 -0.15249262  2.05249757  1.0751681   0.73312859
  1.32336909  2.0183453   2.64597086]",12.9106
367,0.6932,0.6897,"[ 2.77207217  4.37387264 -0.15149752  2.05151968  1.07417838  0.73214475
  1.32237985  2.01932005  2.64498566]",12.9082
368,0.6931,0.6863,"[ 2.77306045  4.37287565 -0.1524962   2.05251371  1.07517565  0.73314038
  1.32337699  2.01832688  2.64598173]",12.9107
369,0.6931,0.698,"[ 2.77402824  4.37188402 -0.15349255  2.05349718  1.07616802  0.73412831
  1.324369    2.01734576  2.64697073]",12.9133
370,0.6931,0.6893,"[ 2.77307956  4.37287055 -0.15249841  2.05252368  1.07518035  0.73314765
  1.32338189  2.01831552  2.6459885 ]",12.9108
371,0.6931,0.6814,"[ 2.77215794  4.37384922 -0.15150775  2.05156509  1.07419987  0.73217809
  1.32240229  2.01926842  2.6450165 ]",12.9083
372,0.6932,0.6972,"[ 2.77311482  4.37286054 -0.1525028   2.05254281  1.07518956  0.73316177
  1.32339148  2.01829386  2.64600167]",12.9108
373,0.6931,0.706,"[ 2.7741      4.37186436 -0.15350113  2.05353524  1.07618608  0.73415624
  1.32438784  2.01730251  2.64699666]",12.9135
374,0.6932,0.6918,"[ 2.77337094  4.3727845  -0.15253679  2.05268584  1.07525938  0.73326874
  1.32346432  2.01813265  2.64610046]",12.9114
375,0.6931,0.6951,"[ 2.77425902  4.37181459 -0.15352359  2.05362711  1.0762319   0.73422559
  1.32443557  2.01719954  2.64706104]",12.9139
376,0.6932,0.7015,"[ 2.77530993  4.37080064 -0.1545297   2.05465412  1.07724469  0.73524544
  1.32544891  2.01616887  2.6480794 ]",12.9168
377,0.6932,0.6866,"[ 2.77431317  4.37179987 -0.15353001  2.05365568  1.0762454   0.73424653
  1.32444966  2.01716708  2.64708046]",12.914
378,0.6931,0.685,"[ 2.77331018  4.3728007  -0.15252964  2.05265407  1.07524466  0.73324533
  1.32344888  2.01816889  2.64607941]",12.9113
379,0.6931,0.7005,"[ 2.77428199  4.37180805 -0.15352643  2.05363958  1.07623796  0.73423473
  1.32444186  2.01718545  2.64706976]",12.9139
380,0.6931,0.7076,"[ 2.7752664   4.37081206 -0.15452467  2.05463163  1.0772343   0.73522893
  1.32543804  2.01619453  2.64806448]",12.9167
381,0.6931,0.6978,"[ 2.7744605   4.3717536  -0.15355086  2.05374099  1.07628805  0.73431087
  1.32449404  2.01707152  2.64714046]",12.9143
382,0.6932,0.6853,"[ 2.7734555   4.37275499 -0.15255023  2.0527383   1.0752868   0.73330887
  1.32349272  2.01807457  2.64613868]",12.9116
383,0.6931,0.6928,"[ 2.77464674  4.3716954  -0.15357711  2.05384843  1.07634165  0.7343919
  1.32454983  2.01695113  2.64721584]",12.9147
384,0.6931,0.6861,"[ 2.77366276  4.37269125 -0.1525789   2.05285662  1.07534546  0.73339785
  1.32355381  2.01794177  2.64622135]",12.912
385,0.6931,0.6903,"[ 2.77272817  4.37367399 -0.15158643  2.05189052  1.07436124  0.73242262
  1.32257031  2.01890309  2.64524407]",12.9096
386,0.6931,0.7023,"[ 2.77373286  4.37267268 -0.15258699  2.05289304  1.07536244  0.73342446
  1.32357157  2.01790023  2.6462458 ]",12.9122
387,0.6931,0.7074,"[ 2.77472818  4.37167384 -0.15358648  2.05389071  1.0763614   0.73442276
  1.32457047  2.0169029   2.64724429]",12.9149
388,0.6931,0.6969,"[ 2.77393227  4.37261084 -0.15261489  2.05300756  1.07541934  0.73351077
  1.32363084  2.01777177  2.64632582]",12.9126
389,0.6932,0.7019,"[ 2.77299809  4.37359338 -0.15162252  2.05204179  1.0744353   0.73253582
  1.32264753  2.01873273  2.64534877]",12.9102
390,0.6931,0.6865,"[ 2.77399373  4.37259448 -0.15262203  2.0530396   1.07543431  0.73353421
  1.3236465   2.01773523  2.64634735]",12.9128
391,0.6931,0.6859,"[ 2.77302315  4.37358678 -0.15162537  2.05205476  1.07444136  0.73254525
  1.32265386  2.01871793  2.64535752]",12.9102
392,0.6931,0.6917,"[ 2.77405799  4.37257712 -0.15262961  2.05307338  1.07545022  0.73355895
  1.3236631   2.01769682  2.64637024]",12.9129
393,0.6931,0.6801,"[ 2.77309244  4.3735681  -0.15163353  2.05209114  1.07445849  0.73257189
  1.32267173  2.01867655  2.64538217]",12.9104
394,0.6932,0.6909,"[ 2.77216323  4.37454931 -0.15064174  2.05112799  1.07347565  0.73159886
  1.32168969  2.01963453  2.64440684]",12.908
395,0.6931,0.6987,"[ 2.77309598  4.37356731 -0.15163383  2.05209277  1.07445924  0.73257299
  1.3226725   2.01867466  2.64538331]",12.9104
396,0.693,0.682,"[ 2.77405925  4.37257695 -0.15262961  2.05307379  1.07545043  0.73355912
  1.3236633   2.01769631  2.64637063]",12.9129
397,0.6931,0.6977,"[ 2.77509929  4.37156578 -0.15363454  2.05409533  1.07646068  0.73457501
  1.324674    2.01667188  2.64738526]",12.9158
398,0.6931,0.7059,"[ 2.77607977  4.37057081 -0.15463234  2.05508538  1.07745609  0.73556775
  1.32566921  2.01568324  2.64837864]",12.9186
399,0.6931,0.6877,"[ 2.7751455   4.37155337 -0.15363993  2.05411952  1.07647208  0.73459267
  1.32468588  2.01664437  2.6474017 ]",12.9159
400,0.6932,0.6836,"[ 2.77422457  4.37253199 -0.15264928  2.0531611   1.07549167  0.73362314
  1.32370631  2.01759712  2.64642989]",12.9133
401,0.693,0.6757,"[ 2.77322693  4.37353138 -0.15164953  2.05216231  1.07449224  0.73262401
  1.32270691  2.01859573  2.64543072]",12.9107
402,0.6932,0.6904,"[ 2.77227119  4.3745197  -0.15065463  2.05118525  1.07350291  0.73164077
  1.32171807  2.01956955  2.64444608]",12.9083
403,0.6932,0.7033,"[ 2.77315208  4.37355315 -0.15163977  2.05212088  1.07447237  0.73259303
  1.32268609  2.01864259  2.64540264]",12.9105
404,0.6931,0.6907,"[ 2.7738987   4.37263771 -0.15260076  2.0529684   1.07539454  0.73347617
  1.32360496  2.01781248  2.64629476]",12.9126
405,0.6931,0.6979,"[ 2.77486452  4.37164659 -0.15359689  2.05395088  1.07638644  0.73446338
  1.32459649  2.01683249  2.64728308]",12.9152
406,0.6931,0.6884,"[ 2.77390718  4.37263544 -0.15260173  2.05297283  1.07539665  0.73347937
  1.32360715  2.01780744  2.64629782]",12.9126
407,0.6932,0.6996,"[ 2.77488935  4.37164003 -0.15359973  2.05396374  1.07639247  0.73447273
  1.32460278  2.01681783  2.64729179]",12.9153
408,0.6931,0.7089,"[ 2.77586929  4.37064523 -0.15459746  2.05495347  1.07738773  0.73546524
  1.32559783  2.01582956  2.64828495]",12.9181
409,0.6931,0.6997,"[ 2.77674034  4.36968134 -0.15558153  2.0558841   1.07835462  0.73641401
  1.32656331  2.01490811  2.6492376 ]",12.9208
410,0.6931,0.6836,"[ 2.77767791  4.36869791 -0.15657431  2.0568517   1.07933944  0.73739036
  1.32754749  2.01394495  2.65021566]",12.9237
411,0.6932,0.6886,"[ 2.77670054  4.3696921  -0.1555768   2.05586318  1.07834477  0.73639865
  1.32655304  2.01493186  2.64922342]",12.9207
412,0.6931,0.6826,"[ 2.77551901  4.3707469  -0.15455223  2.05476072  1.0772944   0.73532186
  1.32550058  2.01604705  2.64815222]",12.9173
413,0.6931,0.6956,"[ 2.77645642  4.36976325 -0.15554512  2.05572853  1.07827944  0.73629839
  1.32648497  2.01508376  2.64913062]",12.9201
414,0.6932,0.6877,"[ 2.77546583  4.37076089 -0.15454612  2.05473324  1.07728162  0.73530177
  1.32548724  2.01607837  2.6481338 ]",12.9172
415,0.6932,0.6952,"[ 2.77641816  4.36977345 -0.15554064  2.05570859  1.07827014  0.73628376
  1.32647525  2.01510646  2.64911724]",12.92
416,0.6932,0.6856,"[ 2.77540787  4.37077623 -0.15453942  2.05470318  1.07726761  0.73527977
  1.3254726   2.01611262  2.64811361]",12.917
417,0.6932,0.6944,"[ 2.77830485  4.36780351 -0.15752755  2.05764979  1.08024261  0.73824081
  1.32844655  2.01317336  2.6510775 ]",12.926
418,0.693,0.6821,"[ 2.77727832  4.36881055 -0.15652448  2.05663602  1.07923616  0.73723073
  1.32743984  2.01418903  2.6500682 ]",12.9227
419,0.6931,0.6783,"[ 2.77625683  4.36981623 -0.155522    2.0556249   1.07823097  0.73622261
  1.32643443  2.01520167  2.6490607 ]",12.9196
420,0.6931,0.6939,"[ 2.77519091  4.370836   -0.15451313  2.05458773  1.07721285  0.73519473
  1.3254155   2.01624356  2.64803512]",12.9165
421,0.6931,0.6931,"[ 2.77296117  4.37351693 -0.15167247  2.05210712  1.07451012  0.73261323
  1.32272346  2.01867791  2.64542795]",12.9099
422,0.6933,0.697,"[ 2.77591555  4.37052869 -0.15466735  2.05508384  1.07749938  0.73559628
  1.32571223  2.0157045   2.64841243]",12.9181
423,0.6932,0.6991,"[ 2.77678152  4.36956626 -0.15565076  2.05601167  1.07846496  0.73654294
  1.32667632  2.01478625  2.64936325]",12.9207
424,0.6929,0.6812,"[ 2.77774262  4.36857634 -0.15664639  2.0569918   1.07945572  0.73752849
  1.3276667   2.0138089   2.65034987]",12.9237
425,0.6931,0.6787,"[ 2.77662501  4.36961005 -0.15563149  2.05592764  1.07842474  0.73648097
  1.32663448  2.01488133  2.64930561]",12.9204
426,0.6931,0.6928,"[ 2.77397912  4.37250526 -0.1526783   2.05312482  1.07552101  0.73362823
  1.3237348   2.01765918  2.646442  ]",12.9126
427,0.6932,0.6961,"[ 2.77496053  4.37151011 -0.15367618  2.05411525  1.0765166   0.73462124
  1.32473018  2.0166701   2.64743565]",12.9153
428,0.6931,0.6802,"[ 2.77401992  4.37249432 -0.15268306  2.05314615  1.07553107  0.7336438
  1.32374528  2.01763492  2.64645651]",12.9127
429,0.6932,0.6891,"[ 2.77311879  4.37346736 -0.15169489  2.05219848  1.07455574  0.73268228
  1.32277106  2.01857543  2.64549188]",12.9103
430,0.6931,0.688,"[ 2.77214911  4.37445943 -0.15069834  2.05121411  1.073563    0.73169367
  1.32177864  2.01955758  2.64450234]",12.9078
431,0.6932,0.6997,"[ 2.77314454  4.37346055 -0.15169784  2.05221185  1.07456199  0.73269202
  1.32277759  2.01856018  2.64550088]",12.9103
432,0.6931,0.6943,"[ 2.77208526  4.37447714 -0.15069048  2.05117986  1.07354686  0.7316683
  1.32176173  2.01959649  2.64447936]",12.9077
433,0.693,0.68,"[ 2.77292774  4.3735228  -0.1516701   2.05209308  1.07450504  0.73260363
  1.32271803  2.01869457  2.64542005]",12.9098
434,0.6931,0.7088,"[ 2.77392336  4.37252389 -0.15266962  2.05309089  1.07550406  0.73360203
  1.323717    2.01769707  2.64641864]",12.9125
435,0.6932,0.6964,"[ 2.77488226  4.37153461 -0.15366495  2.05406976  1.07649428  0.73458661
  1.32470678  2.01672119  2.64740454]",12.9151
436,0.6931,0.6874,"[ 2.7739109   4.37252716 -0.15266817  2.05308445  1.0755011   0.73359729
  1.3237139   2.01770442  2.6464144 ]",12.9124
437,0.6931,0.6994,"[ 2.77488514  4.37153382 -0.15366527  2.05407127  1.07649502  0.73458767
  1.32470755  2.01671947  2.64740563]",12.9151
438,0.693,0.7089,"[ 2.77586429  4.37053923 -0.15466291  2.05506059  1.07749009  0.73557988
  1.32570239  2.01573167  2.64839852]",12.9179
439,0.6931,0.6904,"[ 2.77671008  4.36958543 -0.15564222  2.05597394  1.07844764  0.73651503
  1.32665817  2.01482917  2.64933844]",12.9206
440,0.6932,0.696,"[ 2.77577345  4.37056785 -0.15464994  2.05500783  1.07746378  0.73553998
  1.325675    2.01579075  2.64836159]",12.9177
441,0.6932,0.695,"[ 2.77678171  4.36956535 -0.15565104  2.05601249  1.0784661   0.73654343
  1.3266774   2.01478552  2.6493649 ]",12.9207
442,0.6932,0.6848,"[ 2.77576405  4.37057012 -0.15464894  2.0550032   1.07746174  0.7355366
  1.32567285  2.01579608  2.64835864]",12.9177
443,0.6932,0.6941,"[ 2.77665486  4.36960002 -0.15563581  2.05594531  1.07843435  0.73649403
  1.32664428  2.01486179  2.64931934]",12.9204
444,0.6931,0.6847,"[ 2.77564481  4.37060271 -0.15463463  2.05494006  1.0774319   0.73549017
  1.32564172  2.01586777  2.64831582]",12.9174
445,0.6931,0.6823,"[ 2.77478512  4.371562   -0.15365267  2.05401723  1.07646933  0.73454748
  1.32468068  2.0167807   2.64736913]",12.9149
446,0.6931,0.6922,"[ 2.77380308  4.3725571  -0.15265481  2.05302673  1.07547382  0.73355445
  1.32368537  2.0177699   2.64637557]",12.9122
447,0.6931,0.6921,"[ 2.77317661  4.37344007 -0.15170795  2.05224237  1.07458143  0.73271759
  1.32279755  2.01852818  2.64552631]",12.9104
448,0.6932,0.6842,"[ 2.77224417  4.37442195 -0.15071588  2.05127776  1.07359801  0.73174353
  1.32181489  2.01948787  2.64455014]",12.908
449,0.6932,0.6876,"[ 2.77316962  4.37344222 -0.15170695  2.05223832  1.07457951  0.73271447
  1.32279552  2.01853276  2.64552368]",12.9104
450,0.6931,0.6989,"[ 2.77414246  4.37244926 -0.15270387  2.0532244   1.07557309  0.73370431
  1.3237888   2.01754866  2.64651443]",12.9129
451,0.6931,0.7045,"[ 2.77694472  4.36950668 -0.15567831  2.05611552  1.0785204   0.73662329
  1.32673387  2.01467155  2.64943957]",12.9211
452,0.693,0.6895,"[ 2.7778656   4.36852852 -0.15666871  2.05707335  1.07950037  0.73759225
  1.327713    2.01371936  2.65041084]",12.924
453,0.693,0.6774,"[ 2.77687389  4.3695264  -0.15566961  2.05607756  1.07850234  0.73659528
  1.32671504  2.01471456  2.6494137 ]",12.9209
454,0.6931,0.6972,"[ 2.77587908  4.37052511 -0.15467015  2.05508013  1.07750353  0.7355971
  1.32571628  2.01571162  2.64841546]",12.918
455,0.6932,0.6992,"[ 2.77491329  4.37151615 -0.15367404  2.05409774  1.07651174  0.73460993
  1.32472484  2.01669153  2.64742731]",12.9152
456,0.6931,0.6872,"[ 2.77393274  4.37251111 -0.15267622  2.0531077   1.07551636  0.73361716
  1.32372967  2.01768015  2.646434  ]",12.9125
457,0.6931,0.6802,"[ 2.77296783  4.37350178 -0.15168028  2.05212597  1.07452491  0.7326305
  1.3227386   2.01865935  2.64544632]",12.9099
458,0.6931,0.6961,"[ 2.77385833  4.3725314  -0.15266725  2.05306825  1.07549784  0.73358806
  1.32371029  2.01772503  2.64640753]",12.9123
459,0.6931,0.6873,"[ 2.77288436  4.37352462 -0.1516702   2.05208163  1.07450405  0.73259781
  1.32271678  2.01870974  2.64541649]",12.9097
460,0.6929,0.7061,"[ 2.77193535  4.37451101 -0.15067616  2.05110829  1.07351649  0.73161736
  1.3217298   2.01967934  2.64443434]",12.9073
461,0.6932,0.6861,"[ 2.77291233  4.37351704 -0.15167351  2.0520964   1.07451099  0.73260865
  1.32272405  2.01869291  2.64542643]",12.9098
462,0.6931,0.7,"[ 2.77388902  4.37252308 -0.15267087  2.05308446  1.07550549  0.73359992
  1.32371829  2.01770655  2.6464185 ]",12.9124
463,0.6931,0.6905,"[ 2.77311193  4.3734578  -0.15170001  2.05220793  1.07456537  0.73269203
  1.32278079  2.01856719  2.64550336]",12.9102
464,0.6931,0.6883,"[ 2.77217809  4.37444023 -0.15070769  2.05124237  1.07358144  0.73171722
  1.32179759  2.01952794  2.64452648]",12.9079
465,0.6932,0.6989,"[ 2.77316986  4.37344232 -0.15170676  2.05223819  1.07457954  0.73271417
  1.3227956   2.01853271  2.64552375]",12.9104
466,0.6931,0.6893,"[ 2.77221827  4.3744296  -0.15071231  2.05126323  1.07359117  0.73173246
  1.32180776  2.01950413  2.64454049]",12.9079
467,0.6932,0.6985,"[ 2.77320316  4.3734335  -0.1517106   2.05225551  1.07458763  0.73272681
  1.32280405  2.01851296  2.6455354 ]",12.9104
468,0.6932,0.6892,"[ 2.77224561  4.37442234 -0.15071547  2.05127746  1.07359783  0.73174284
  1.32181473  2.0194879   2.64455008]",12.908
469,0.6931,0.6809,"[ 2.77133724  4.37539712 -0.14972657  2.05032629  1.0726209   0.73077883
  1.32083884  2.02043241  2.64358307]",12.9058
470,0.6931,0.6955,"[ 2.7723887   4.37438199 -0.15073334  2.05135497  1.07363475  0.73180026
  1.32185334  2.01940001  2.64460265]",12.9083
471,0.6932,0.6853,"[ 2.77319301  4.37344103 -0.15170676  2.05224442  1.0745806   0.73271726
  1.32279682  2.01852443  2.64552632]",12.9104
472,0.6929,0.7033,"[ 2.77221076  4.37443636 -0.15070879  2.0512536   1.07358487  0.73172396
  1.32180129  2.01951393  2.64453246]",12.9079
473,0.6931,0.6924,"[ 2.77328732  4.37341357 -0.15171897  2.0522965   1.0746058   0.73275601
  1.32282312  2.01846561  2.64556211]",12.9106
474,0.6932,0.7022,"[ 2.77431949  4.37240485 -0.15272278  2.05331347  1.07561379  0.73376845
  1.32383146  2.01744631  2.64657357]",12.9133
475,0.6932,0.6914,"[ 2.77338741  4.37338675 -0.15173069  2.05234889  1.07463035  0.73279437
  1.32284876  2.01840596  2.6455974 ]",12.9109
476,0.6932,0.7017,"[ 2.77422464  4.3724338  -0.15270969  2.05325935  1.07558729  0.73372766
  1.32380375  2.0175072   2.64653636]",12.9131
477,0.6931,0.6979,"[ 2.77519155  4.37144237 -0.15370595  2.05424241  1.07657947  0.73471531
  1.32479557  2.01652655  2.64752508]",12.9158
478,0.6931,0.686,"[ 2.77420275  4.37243948 -0.15270719  2.05324812  1.07558212  0.73371944
  1.32379834  2.01752002  2.64652892]",12.9131
479,0.6932,0.6832,"[ 2.77286917  4.37355664 -0.15165239  2.05204134  1.07447405  0.73255924
  1.32268583  2.01874918  2.64538048]",12.9097
480,0.6931,0.6961,"[ 2.77382125  4.3725692  -0.15264689  2.0530166   1.07546259  0.73354114
  1.32367383  2.01777743  2.64636399]",12.9123
481,0.6931,0.6883,"[ 2.7745223   4.37166894 -0.15360091  2.05383703  1.0763707   0.73440355
  1.32457813  2.01697744  2.64723657]",12.9143
482,0.6932,0.7023,"[ 2.7737461   4.37259981 -0.15263215  2.05296526  1.07543422  0.73350026
  1.32364439  2.01783345  2.6463258 ]",12.9121
483,0.6932,0.6916,"[ 2.772825    4.37357865 -0.1516414   2.05200658  1.07445357  0.73253055
  1.32266463  2.01878639  2.64535361]",12.9097
484,0.6931,0.6997,"[ 2.7738121   4.37258195 -0.15263996  2.05300001  1.07545057  0.73352575
  1.32366148  2.0177939   2.64634928]",12.9122
485,0.6932,0.6891,"[ 2.77283727  4.37357538 -0.15164281  2.05201297  1.07445659  0.73253519
  1.32266777  2.0187791   2.64535797]",12.9097
486,0.6931,0.7013,"[ 2.77382717  4.37257795 -0.15264168  2.05300785  1.07545426  0.73353145
  1.32366533  2.01778496  2.6463546 ]",12.9123
487,0.6931,0.6945,"[ 2.77309398  4.37348315 -0.15168598  2.05217455  1.07454182  0.73266073
  1.3227564   2.01860047  2.64547489]",12.9102
488,0.6932,0.695,"[ 2.77408372  4.37248583 -0.15268479  2.05316926  1.0755394   0.73365684
  1.32375385  2.01760652  2.64647142]",12.9128
489,0.6931,0.7011,"[ 2.77508081  4.37148651 -0.15368449  2.05416786  1.07653879  0.73465582
  1.32475321  2.01660813  2.64747053]",12.9156
490,0.6931,0.687,"[ 2.7741012   4.37248123 -0.15268677  2.05317829  1.07554363  0.73366339
  1.32375827  2.01759622  2.64647753]",12.9129
491,0.6932,0.6983,"[ 2.77508543  4.37148528 -0.15368501  2.05417026  1.07653994  0.73465754
  1.32475441  2.01660539  2.64747221]",12.9156
492,0.6931,0.6964,"[ 2.77408258  4.37248612 -0.15268462  2.05316866  1.07553919  0.73365631
  1.32375362  2.01760721  2.64647117]",12.9128
493,0.6931,0.6935,"[ 2.77484422  4.37156191 -0.15365011  2.0540296   1.07646949  0.73455085
  1.32468098  2.01676284  2.64737368]",12.915
494,0.6931,0.6854,"[ 2.77384278  4.37256234 -0.15264991  2.05302878  1.07546911  0.73355022
  1.32368058  2.01776376  2.64637315]",12.9123
495,0.6931,0.7021,"[ 2.77483553  4.37156415 -0.15364911  2.05402515  1.07646747  0.73454757
  1.32467886  2.01676792  2.64737078]",12.915
496,0.6931,0.6941,"[ 2.77381205  4.37257135 -0.15264584  2.05301167  1.07546091  0.73353737
  1.32367197  2.01778311  2.6463616 ]",12.9122
497,0.6932,0.6915,"[ 2.77282565  4.37356775 -0.1516474   2.05201871  1.07446422  0.73254249
  1.32267542  2.01877508  2.64536639]",12.9096
498,0.6931,0.6825,"[ 2.77186188  4.37455819 -0.15065156  2.05103749  1.07347296  0.73155621
  1.32168457  2.01975366  2.64437898]",12.9072
499,0.6932,0.6976,"[ 2.77282169  4.37356875 -0.15164693  2.05201669  1.07446334  0.73254097
  1.32267448  2.01877741  2.64536515]",12.9096
